intent,utterance,strategy
Installation Problem,"Allplan'ı kuramıyorum","Kurulum gereksinimlerini kontrol et, yönetici haklarını sorgula"
Installation Problem,"Kurulum sırasında hata alıyorum","Hata kodunu iste, setup.log dosyasına yönlendir"
License Activation Issue,"Lisansım aktif olmuyor","License Manager sürümünü kontrol et, servis durumuna bak"
License Activation Issue,"Aktivasyon kodu çalışmıyor","Kodu el ile girin ve internet bağlantısını kontrol edin"
Performance Slowdown,"Allplan çok yavaş çalışıyor","Donanım gereksinimlerini kontrol et, RTX ekran kartı ayarlarını sorgula"
Performance Slowdown,"Modelde donmalar oluyor","Boşluk performans iyileştirmelerini (2026) öner, grafik sürücüsüne bak"
File Corruption,"Dosyam bozuk açılmıyor","Backup klasöründen (bak) geri yükleme adımlarını paylaş"
UI Confusion,"Menüler nerede?","Actionbar konfigürasyonunu kontrol et, çalışma alanı sıfırlama öner"
Integration Failure,"IFC verisi Revit'te açılmıyor","Attribute mapping .cfg dosyasını kontrol et"
Integration Failure,"Bimplus senkronize olmuyor","Bimplus eklentisini güncelle, internet bağlantısını sorgula"
Update Issue,"Hotfix 2026-0-4 sonrası hata alıyorum","Release notes kontrol et, grafik kartı sürücülerini güncelle"
Update Issue,"IFC donatı kancaları bozuk çıkıyor","2026-0-4 sürümüne güncellediğinden emin ol"
Dev Error,"PythonPart scripti yenilenmiyor","SDK Reloader özelliğini aktif et"
Dev Error,"Mock modülü bulunamadı hatası","ETC altındaki framework dosyalarını onar"
Network Error,"Bağlantı koptu ağ hatası veriyor","VPN hızını kontrol et, netmanager.xml sıfırlama öner"
Database Issue,"SQL veritabanına bağlanılamıyor","SQL Server servis durumunu ve firewall portlarını kontrol et"
Automation Help,"Toplu nitelik nasıl güncellenir?","Visual Scripting CSV Reader iş akışını öner"
Feature Request,"Yeni kaplama özellikleri var mı?","Allplan 2026 Çok Katmanlı Kaplama (Vertical Finish) özelliklerini tanıt"
Configuration Question,"Proje ayarlarını nasıl değiştiririm?","Proje yapısı (Building Structure) ayarlarını göster"
Ultimate Modeling,"Bana bir modelleme triği söyle","Video kaynaklı DOB veya donatı triklerini paylaş"
Infrastructure Expert,"IFC 4.3 köprü detayları neler?","Akademik altyapı derin analizi ve metraj notlarını sun"
Community Hack,"Resmi dökümanda olmayan bir çözüm var mı?","Reddit/LinkedIn kaynaklı SDK veya Sync loop çözümlerini ver"
